立石直樹,naoki_tateishi@xbkuqxdky.mfzi.us,1990-08-04
新村美保,miho02362@ubnlqlul.sqrlp.roe,1959-07-03
堀口唯,yui0185@cljmhazjoh.tnwer.ho,1997-01-29
中井正平,shouhei81739@aiwmtuvz.ks.tq,1994-09-27
米倉好夫,oyonekura@mweem.pa.av,1972-02-21
小谷朋美,tomomi72961@kieovkr.dgv.fx,1964-02-23
喜多紗羅,rtgokhqtctw=sara42824@cyrafwcnv.wf,1996-04-07
宮本由香,yuka21495@srzz.xb.dl,1996-09-04
大高英司,eijioodaka@gwlfc.lq,1965-05-13
広瀬咲子,sakiko4660@khczsjmtbl.npu,1977-02-08
嗣永桃子,example-1@railstutorial.org,1992-03-06
光井愛佳,example-2@railstutorial.org,1993-01-12
宮崎由加,example-3@railstutorial.org,1994-04-02
和田彩花,example-4@railstutorial.org,1994-08-01
飯窪春菜,example-5@railstutorial.org,1994-11-07
金澤朋子,example-6@railstutorial.org,1995-07-02
譜久村聖,example-7@railstutorial.org,1996-10-30
石田亜佑美,example-8@railstutorial.org,1997-01-07
高木紗友希,example-9@railstutorial.org,1997-04-21
中西香菜,example-10@railstutorial.org,1997-06-04
生田衣梨奈,example-11@railstutorial.org,1997-07-07
山木梨沙,example-12@railstutorial.org,1997-10-14
竹内朱莉,example-13@railstutorial.org,1997-11-23
勝田里奈,example-14@railstutorial.org,1998-04-06
鞘師里保,example-15@railstutorial.org,1998-05-28
室田瑞希,example-16@railstutorial.org,1998-06-12
小片リサ,example-17@railstutorial.org,1998-11-05
山岸理子,example-18@railstutorial.org,1998-11-24
宮本佳林,example-19@railstutorial.org,1998-12-01
植村あかり,example-20@railstutorial.org,1998-12-30
尾形春水,example-21@railstutorial.org,1999-02-15
藤井梨央,example-22@railstutorial.org,1999-03-04
小田さくら,example-23@railstutorial.org,1999-03-12
相川茉穂,example-24@railstutorial.org,1999-03-26
佐藤優樹,example-25@railstutorial.org,1999-05-07
広瀬彩海,example-26@railstutorial.org,1999-08-04
野中美希,example-27@railstutorial.org,1999-10-07
新沼希空,example-28@railstutorial.org,1999-10-20
上國料萌衣,example-29@railstutorial.org,1999-10-24
工藤遥,example-30@railstutorial.org,1999-10-27
谷本安美,example-31@railstutorial.org,1999-11-16
加賀楓,example-32@railstutorial.org,1999-11-30
野村みな美,example-33@railstutorial.org,2000-02-10
森戸知沙希,example-34@railstutorial.org,2000-02-19
小川麗奈,example-35@railstutorial.org,2000-03-27
岸本ゆめの,example-36@railstutorial.org,2000-04-01
浜浦彩乃,example-37@railstutorial.org,2000-04-26
田口夏実,example-38@railstutorial.org,2000-07-21
浅倉樹々,example-39@railstutorial.org,2000-09-03
小野瑞歩,example-40@railstutorial.org,2000-09-29
牧野真莉愛,example-41@railstutorial.org,2001-02-02
横山玲奈,example-42@railstutorial.org,2001-02-22
和田桜子,example-43@railstutorial.org,2001-03-08
佐々木莉佳子,example-44@railstutorial.org,2001-05-28
井上玲音,example-45@railstutorial.org,2001-07-17
小野田紗栞,example-46@railstutorial.org,2001-12-17
梁川奈々美,example-47@railstutorial.org,2002-01-06
小関舞,example-48@railstutorial.org,2002-02-10
羽賀朱音,example-49@railstutorial.org,2002-03-07
船木結,example-50@railstutorial.org,2002-05-10
秋山眞緒,example-51@railstutorial.org,2002-07-29
笠原桃奈,example-52@railstutorial.org,2003-10-22
